description,category
Coffee,Food
Groceries at Walmart,Food
Gasoline at Shell,Transportation
Dinner at Olive Garden,Food
Movie tickets,Entertainment
Mobile phone bill,Technology
Books at Barnes & Noble,Education
Haircut at Salon,Personal Care
Gym membership,Personal Care
Amazon purchase,Miscellanous
Drinks,Food
Food,Food
Alcohol,Food
electricity,Housing
apple watch,Technology
pencil,School Supplies
Apple Watch,Technology
redbull,Food
Apple,Technology
apple,Food
Vaseline,Personal Care
Tape,School Supplies
Vape,Miscellanous
Toy,Miscellanous
Barbie Doll,Miscellanous
Ramen,Food
Microwave,Technology
Jordans,Miscellanous
Jordan Shoes,Miscellanous
Sneakers,Miscellanous
Computer,Technology
Mortage,Housing
Rent,Housing
water bill,Housing
heating bill,Housing
HOA insurance,Housing
Books from Barnes & Noble,Education
Tuition,Education
Course Material,Education
Meal Plans,Education
Dorm Fees,Education
Graduation Fees,Education
Festival Tickets,Entertainment
Concert Ticklets,Entertainment
Streaming Services,Entertainment
Netflix subscription,Entertainment
Hulu subscription,Entertainment
Video Games,Entertainment
Xbox One Console,Entertainment
PS5 Console,Entertainment
Nintendo Switch,Entertainment
Amusement Park Tickets,Entertainment
Sports Event Tickets,Entertainment
NBA tickets,Entertainment
NFL tickets,Entertainment
MLS tickets,Entertainment
Movie tickets,Entertainment
Magazine Subscriptions,Entertainment
Music Purchases,Entertainment
AMC Movie Ticket,Entertainment
Regal Cinemas Movie Ticket,Entertainment
San Diego Zoo tickets,Entertainment
Coffee,Food
Groceries at Walmart,Food
Costco Groceries,Food
Whole Foods groceries,Food
Dinner at Olive Garden,Food
Fast food,Food
Drinks,Food
Food,Food
Alcohol,Food
Redbull,Food
Fruit,Food
Vegetables,Food
Apples,Food
Oranges,Food
Bread,Food
Peanut Butter,Food
Deli Meat,Food
Ramen,Food
Multivitamins,Food
Protein Powder,Food
Cereal,Food
Milk,Food
Eggs,Food
Blue Apron Meal Kits,Food
Chipotle burrito,Food
Sushi,Food
McDonald's Big Mac Meal,Food
Starbucks Iced Coffee,Food
The Coffee Bean Latte,Food
The Coffee Bean Expresso,Food
The Coffee Bean Iced Coffee,Food
Starbucks Latte,Food
Starbucks Expresso,Food
Starbucks Iced Coffee,Food
Baby food,Food
Electricity,Housing
Mortage,Housing
Rent,Housing
Water bill,Housing
Heating bill,Housing
Property taxes,Housing
HOA insurance,Housing
Home Maintenance,Housing
State Farm Home Insurance,Housing
Landscaping,Housing
Security System,Housing
Appliances,Housing
Renovations,Housing
Mainstays Bed Sheets,Housing
Mainstays Towels,Housing
Mainstays Pillowcase Set,Housing
IKEA Sofa,Housing
IKEA Coffee Table,Housing
IKEA Nightstand,Housing
IKEA Wall Shelves,Housing
IKEA Ottoman,Housing
Helix Twin Mattress,Housing
IKEA Malm Bed Frame,Housing
IKEA Desk,Housing
IKEA Hemnes Dresser ,Housing
Kitchen Faucet Replacement,Housing
Lowe's Garden Center Mulch,Housing
Lowe's Garden Center House Plants,Housing
AmeriGas Propane Refill,Housing
Comcast Xfinity Internet Bill,Housing
Vape,Miscellanous
Beyblade,Miscellanous
Pokemon Cards,Miscellanous
Skateboard,Miscellanous
Barbie Doll,Miscellanous
Crocs,Miscellanous
Clothes,Miscellanous
Champion sweatpants,Miscellanous
Suit from Men's Wearhouse,Miscellanous
Jordan Shoes,Miscellanous
Nike Shoes,Miscellanous
Nike socks,Miscellanous
Sneakers,Miscellanous
Crocs Sandals,Miscellanous
Gucci slides,Miscellanous
Adidas Ultraboost Shoes,Miscellanous
Adidas NMD Shoes,Miscellanous
Fidget Spinner,Miscellanous
Watch,Miscellanous
Hat,Miscellanous
Amazon purchase,Miscellanous
Amazon Prime,Miscellanous
Cat Food,Miscellanous
Dog Food,Miscellanous
Pet Toys,Miscellanous
Pet Harness,Miscellanous
Pet Leash,Miscellanous
Veterinary bill,Miscellanous
Guitar,Miscellanous
Piano lessons,Miscellanous
Hotel,Miscellanous
Airbnb,Miscellanous
Birthday gifts,Miscellanous
Christmas gifts,Miscellanous
Christmas decorations,Miscellanous
Stock investments,Miscellanous
Cryptocurrency investments,Miscellanous
Credit card payments,Miscellanous
Child daycare,Miscellanous
Babysitter,Miscellanous
Baby clothes,Miscellanous
Diapers,Miscellanous
Baby toys,Miscellanous
Baby stroller,Miscellanous
Wedding,Miscellanous
Tax accountant bill,Miscellanous
Charity donations,Miscellanous
Legal fees,Miscellanous
Parking tickets,Miscellanous
Traffic violation tickets,Miscellanous
Carwash,Miscellanous
Graduation Cap,Miscellanous
Graduation Gown,Miscellanous
Souvenirs,Miscellanous
Wilson basketball,Miscellanous
Basketball hoop,Miscellanous
Soccer ball,Miscellanous
Football,Miscellanous
Haircut at Salon,Personal Care
Gym membership,Personal Care
Vaseline,Personal Care
Olaplex Bond Maintenance Shampoo,Personal Care
Vanicream Dandruff Shampoo,Personal Care
Verb Ghost Conditioner,Personal Care
Olaplex No. 5 Bond Maintenance Conditioner,Personal Care
Bodywash,Personal Care
Deodorant,Personal Care
Sunscreen,Personal Care
Skincare,Personal Care
Hand Sanitizer,Personal Care
Hair Styling,Personal Care
Sensodyne Pronamel Gentle Teeth Whitening Toothpaste,Personal Care
Crest 3D White Brilliance 2-Step Toothpaste,Personal Care
Oral-B Pro 1000 Electric Toothbrush,Personal Care
Philips Sonicare 9900 Prestige,Personal Care
Supercuts Haircut,Personal Care
Planet Fitness Annual Membership,Personal Care
24 Fitness Annual Membership,Personal Care
LA Fitness membership,Personal Care
Massage Envy Spa Session,Personal Care
Nyquil Flu Medicine,Personal Care
Dayquil Flu Medicine,Personal Care
Tylenol Pain Relief Medicine,Personal Care
Advil Pain Relief Medicine,Personal Care
Philips Sonicare Replacement Brush Heads,Personal Care
Philips Sonicare Toothbrush,Personal Care
Hertz Car Rental,Personal Care
Enterprise Car Rental,Personal Care
Health insurance,Personal Care
Prescription glasses,Personal Care
Prescription medications,Personal Care
Health supplements,Personal Care
Counseling,Personal Care
Physical therapy,Personal Care
Doctor visits,Personal Care
Ameritas Dental Insurance,Personal Care
Kaiser Permanente Health Insurance,Personal Care
Blue Cross Blue Shield Health Insurance,Personal Care
Anthem Dental Insurance,Personal Care
Northwestern Mutual Life Insurance,Personal Care
Guardian Life Insurance,Personal Care
Avis Car Rental,Personal Care
Notebooks,School Supplies
Textbooks,School Supplies
Calculators,School Supplies
Pencil,School Supplies
Pens,School Supplies
Tape,School Supplies
Highlighters,School Supplies
Markers,School Supplies
Mobile phone bill,Technology
Apple Watch,Technology
Fitbit,Technology
Microwave,Technology
Gaming Computer,Technology
Microsoft tablet,Technology
Windows PC,Technology
Apple Macbook,Technology
Apple iPad Pro,Technology
Apple Airpods Pro,Technology
Apple Pencil,Technology
iPhone,Technology
Phone charger,Technology
Portable battery pack,Technology
Beats headphones,Technology
iCloud storage,Technology
VPN,Technology
Antivirus software,Technology
Airfryer,Technology
Computer,Technology
Ring home security system,Technology
ADT home security system,Technology
Gasoline at Shell,Transportation
Tesla charging,Transportation
Parking Fees,Transportation
Public Transit,Transportation
Toll roads,Transportation
Car Maintenance,Transportation
AAA Car Insurance,Transportation
Geico Car Insurance,Transportation
DMV Vehicle Registration,Transportation
PRONTO San Diego Bus MTS Pass,Transportation
Southwest Airlines Airfare,Transportation
Amtrak Train Ticket,Transportation
Uber Ride Share,Transportation
Lyft Ride Share,Transportation
Bicycle,Transportation
Electric bike,Transportation
Electric scooter,Transportation
Honda Motorcycle,Transportation
Cruise Tickets,Transportation
Boat Ride,Transportation
Math Tutor,Personal Care
Science Tutor,Personal Care
Programming Tutor,Personal Care
History Tutor,Personal Care
Dance Tutor,Personal Care
Night Club,Entertainment
Pet Clothes,Miscellanous
Golf Balls,Miscellanous
Golf Clubs,Miscellanous
Golf Accessories,Miscellanous
Golf Course Fees,Miscellanous
Golf Shoes,Miscellanous
Sony Headphones,Technology
Floss,Personal Care
Toothpicks,Personal Care
Whiteboard,Education
Mirror,Miscellanous
Lotion,Personal Care
MLB Tickets,Entertainment
DisneyLand Tickets,Entertainment
Mousepad,Miscellanous
Ipad Case,Miscellanous
IPhone Case,Miscellanous
Macbook Case,Miscellanous
Monitor,Technology
Monitor Arms,Miscellanous
Keyboard,Technology
Mouse ,Technology
Pet Grooming ,Miscellanous
Golf Bag,Miscellanous
Golf Gloves,Miscellanous
Air Purifier,Technology
Humidifier,Technology
Air Conditioning,Technology
Blowdryer ,Technology
UFC Tickets,Entertainment
Fishing Reel,Miscellanous
Fishing Bait,Miscellanous
Costco Membership,Miscellanous
Fishing Permit,Miscellanous
Sunglasses,Personal Care
Perscription Sunglasses,Personal Care
CrunchyRoll Subscription,Entertainment
Snapchat+ Subscription,Entertainment
ChatGPT 4.0 ,Technology
Figurines,Miscellanous
Eyedrops,Personal Care
Ergonomic Chair,Housing
Ikea Couch,Housing
Computer Parts,Technology
Phone Holder,Miscellanous
Car Dashcam,Technology
Water Bottles,Food
Printer,Technology
Lightbulbs,Miscellanous
Batteries,Miscellanous
Tissues,Personal Care
Toilet Paper,Personal Care
Apples,Food
bananas,Food
oranges,Food
strawberries,Food
blueberries,Food
raspberries,Food
grapes,Food
watermelon,Food
pineapple,Food
cherries,Food
peaches,Food
pears,Food
plums,Food
mangoes,Food
kiwis,Food
lemons,Food
limes,Food
avocados,Food
tomatoes,Food
cucumbers,Food
bell peppers,Food
carrots,Food
broccoli,Food
cauliflower,Food
spinach,Food
kale,Food
lettuce,Food
celery,Food
onions,Food
garlic,Food
potatoes,Food
sweet potatoes,Food
squash,Food
zucchini,Food
eggplant,Food
mushrooms,Food
asparagus,Food
green beans,Food
peas,Food
corn,Food
beans,Food
lentils,Food
chickpeas,Food
rice,Food
quinoa,Food
oats,Food
pasta,Food
bread,Food
bagels,Food
tortillas,Food
rice cakes,Food
crackers,Food
cereal,Food
granola,Food
yogurt,Food
milk,Food
cheese,Food
butter,Food
eggs,Food
chicken,Food
beef,Food
pork,Food
fish,Food
shrimp,Food
lobster,Food
crab,Food
clams,Food
mussels,Food
bacon,Food
sausage,Food
ham,Food
turkey,Food
tofu,Food
tempeh,Food
seitan,Food
almonds,Food
walnuts,Food
cashews,Food
peanuts,Food
pecans,Food
hazelnuts,Food
pistachios,Food
sunflower seeds,Food
pumpkin seeds,Food
chia seeds,Food
flaxseeds,Food
sesame seeds,Food
peanut butter,Food
almond butter,Food
honey,Food
maple syrup,Food
olive oil,Food
coconut oil,Food
canola oil,Food
vegetable oil,Food
mayonnaise,Food
ketchup,Food
mustard,Food
barbecue sauce,Food
soy sauce,Food
hot sauce,Food
salsa,Food
marinara sauce,Food
pesto,Food
tahini,Food
hummus,Food
guacamole,Food
chocolate,Food
cookies,Food
brownies,Food
cake,Food
pie,Food
ice cream,Food
popsicles,Food
gelato,Food
muffins,Food
donuts,Food
croissants,Food
pastries,Food
pancakes,Food
waffles,Food
crepes,Food
biscuits,Food
scones,Food
tarts,Food
quiches,Food
lasagna,Food
pizza,Food
burritos,Food
tacos,Food
sushi,Food
curry,Food
stir-fry,Food
salads,Food
soups,Food
stews,Food
chili,Food
sandwiches,Food
wraps,Food
burgers,Food
hot dogs,Food
fries,Food
onion rings,Food
mashed potatoes,Food
potato salad,Food
coleslaw,Food
macaroni and cheese,Food
risotto,Food
gnocchi,Food
polenta,Food
couscous,Food
paella,Food
tabbouleh,Food
falafel,Food
shawarma,Food
kebabs,Food
baklava,Food
creme brulee,Food
cheesecake,Food
truffles,Food
fudge,Food
caramel,Food
gelatin,Food
mousse,Food
pudding,Food
custard,Food
jellies,Food
jams,Food
preserves,Food
pickles,Food
relish,Food
sauerkraut,Food
kimchi,Food
kombucha,Food
kefir,Food
smoothies,Food
juices,Food
teas,Food
coffees,Food
energy drinks,Food
sodas,Food
colas,Food
lemonade,Food
iced tea,Food
mineral water,Food
sparkling water,Food
flavored water,Food
sports drinks,Food
beer,Food
wine,Food
vodka,Food
whiskey,Food
rum,Food
tequila,Food
gin,Food
brandy,Food
liqueurs,Food
cocktails,Food
mocktails,Food
non-alcoholic beers,Food
Shampoo,Personal Care
conditioner,Personal Care
body wash,Personal Care
soap,Personal Care
face wash,Personal Care
moisturizer,Personal Care
lotion,Personal Care
sunscreen,Personal Care
deodorant,Personal Care
perfume,Personal Care
cologne,Personal Care
toothpaste,Personal Care
toothbrush,Personal Care
mouthwash,Personal Care
floss,Personal Care
razor,Personal Care
shaving cream,Personal Care
after-shave,Personal Care
makeup remover,Personal Care
foundation,Personal Care
concealer,Personal Care
blush,Personal Care
eyeshadow,Personal Care
mascara,Personal Care
eyeliner,Personal Care
lipstick,Personal Care
lip gloss,Personal Care
nail polish,Personal Care
nail file,Personal Care
nail clippers,Personal Care
hair gel,Personal Care
hairspray,Personal Care
hairbrush,Personal Care
comb,Personal Care
hair dye,Personal Care
face mask,Personal Care
serum,Personal Care
toner,Personal Care
exfoliator,Personal Care
face scrub,Personal Care
face wipes,Personal Care
hand sanitizer,Personal Care
body scrub,Personal Care
body oil,Personal Care
body butter,Personal Care
body lotion,Personal Care
hand cream,Personal Care
foot cream,Personal Care
foot scrub,Personal Care
foot file,Personal Care
foot mask,Personal Care
eye cream,Personal Care
face moisturizer,Personal Care
night cream,Personal Care
acne treatment,Personal Care
pimple patches,Personal Care
lip balm,Personal Care
face primer,Personal Care
setting spray,Personal Care
makeup brushes,Personal Care
makeup sponge,Personal Care
eyebrow pencil,Personal Care
eyebrow gel,Personal Care
eyebrow brush,Personal Care
lip liner,Personal Care
lip exfoliator,Personal Care
face cleanser,Personal Care
face oil,Personal Care
face mist,Personal Care
face serum,Personal Care
body wash,Personal Care
bar soap,Personal Care
liquid soap,Personal Care
body oil,Personal Care
body lotion,Personal Care
body cream,Personal Care
body scrub,Personal Care
body polish,Personal Care
body butter,Personal Care
body mist,Personal Care
hand soap,Personal Care
hand wash,Personal Care
hand cream,Personal Care
hand sanitizer,Personal Care
foot cream,Personal Care
foot scrub,Personal Care
foot soak,Personal Care
foot powder,Personal Care
foot spray,Personal Care
foot mask,Personal Care
foot file,Personal Care
foot gel,Personal Care
shampoo,Personal Care
conditioner,Personal Care
hair mask,Personal Care
hair serum,Personal Care
hair oil,Personal Care
hair spray,Personal Care
hair gel,Personal Care
hair mousse,Personal Care
hair wax,Personal Care
hair pomade,Personal Care
hair volumizer,Personal Care
hair straightener,Personal Care
hair curler,Personal Care
hair clips,Personal Care
hair ties,Personal Care
hair bands,Personal Care
hair pins,Personal Care
hair rollers,Personal Care
heat protectant,Personal Care
leave-in conditioner,Personal Care
deep conditioner,Personal Care
scalp treatment,Personal Care
dry shampoo,Personal Care
hair vitamins,Personal Care
nail polish remover,Personal Care
nail strengthener,Personal Care
nail growth serum,Personal Care
nail top coat,Personal Care
nail base coat,Personal Care
nail art pen,Personal Care
nail stickers,Personal Care
nail decals,Personal Care
nail wraps,Personal Care
nail dryer,Personal Care
nail buffer,Personal Care
nail shaper,Personal Care
nail cutter,Personal Care
nail scissors,Personal Care
nail brush,Personal Care
pedicure set,Personal Care
manicure set,Personal Care
face mask,Personal Care
clay mask,Personal Care
sheet mask,Personal Care
peel-off mask,Personal Care
hydrating mask,Personal Care
acne mask,Personal Care
charcoal mask,Personal Care
bubble mask,Personal Care
eye mask,Personal Care
lip mask,Personal Care
hand mask,Personal Care
foot mask,Personal Care
overnight mask,Personal Care
sleeping mask,Personal Care
night cream,Personal Care
night serum,Personal Care
night mask,Personal Care
night moisturizer,Personal Care
night gel,Personal Care
night oil,Personal Care
night balm,Personal Care
night treatment,Personal Care
night exfoliator,Personal Care
night cleanser,Personal Care
night tonic,Personal Care
night essence,Personal Care
night concentrate,Personal Care
night peel,Personal Care
night essence,Personal Care
night ampoule,Personal Care
night lotion,Personal Care
night emulsion,Personal Care
night essence,Personal Care
night toner,Personal Care
night essence,Personal Care
night mist,Personal Care
night primer,Personal Care
night toner,Personal Care
night essence,Personal Care
Rent,Housing
mortgage,Housing
property taxes,Housing
home insurance,Housing
renter's insurance,Housing
utilities,Housing
water,Housing
electricity,Housing
internet,Housing
cable TV,Housing
satellite TV,Housing
home maintenance,Housing
home repairs,Housing
home improvements,Housing
home cleaning service,Housing
pest control,Housing
lawn care,Housing
landscaping,Housing
HOA fees,Housing
property management fees,Housing
parking fees,Housing
storage fees,Housing
moving expenses,Housing
security deposit,Housing
apartment application fee,Housing
home appraisal fee,Housing
home inspection fee,Housing
property survey fee,Housing
flood insurance,Housing
earthquake insurance,Housing
home warranty,Housing
locksmith services,Housing
window cleaning,Housing
roof repair,Housing
roof replacement,Housing
HVAC maintenance,Housing
plumbing repairs,Housing
electrical repairs,Housing
septic system maintenance,Housing
fire extinguisher maintenance,Housing
carbon monoxide detectors,Housing
smoke detectors,Housing
security system installation,Housing
security system monitoring,Housing
garbage collection,Housing
recycling service,Housing
pet deposit,Housing
pet rent,Housing
pet insurance,Housing
pet grooming,Housing
pet boarding,Housing
home automation,Housing
smart home devices,Housing
smart thermostats,Housing
smart locks,Housing
smart lights,Housing
smart cameras,Housing
curtains,Housing
blinds,Housing
shutters,Housing
furniture,Housing
appliances,Housing
bedding,Housing
mattress,Housing
pillows,Housing
towels,Housing
linens,Housing
dishes,Housing
cookware,Housing
utensils,Housing
kitchen gadgets,Housing
vacuum cleaner,Housing
broom,Housing
mop,Housing
bucket,Housing
cleaning supplies,Housing
laundry detergent,Housing
dryer sheets,Housing
iron,Housing
ironing board,Housing
laundry basket,Housing
laundry hamper,Housing
garbage bins,Housing
recycling bins,Housing
storage bins,Housing
shoe rack,Housing
coat rack,Housing
umbrella stand,Housing
tool kit,Housing
flashlight,Housing
batteries,Housing
first aid kit,Housing
fire extinguisher,Housing
fire alarm batteries,Housing
light bulbs,Housing
smoke alarm batteries,Housing
air filters,Housing
water filter,Housing
water softener,Housing
shower curtain,Housing
shower liner,Housing
toilet paper,Housing
tissues,Housing
paper towels,Housing
soap,Housing
shampoo,Housing
conditioner,Housing
body wash,Housing
toothpaste,Housing
toothbrush,Housing
mouthwash,Housing
floss,Housing
razor,Housing
shaving cream,Housing
lotion,Housing
hand soap,Housing
hand sanitizer,Housing
disinfectant wipes,Housing
disinfectant spray,Housing
air freshener,Housing
candles,Housing
matches,Housing
lighters,Housing
paint,Housing
paintbrushes,Housing
rollers,Housing
caulk,Housing
sealant,Housing
glue,Housing
nails,Housing
screws,Housing
hammer,Housing
screwdriver,Housing
wrench,Housing
pliers,Housing
tape measure,Housing
level,Housing
ladder,Housing
bucket,Housing
extension cord,Housing
flashlight,Housing
batteries,Housing
light bulbs,Housing
smoke alarm batteries,Housing
air filters,Housing
water filter,Housing
water softener,Housing
shower curtain,Housing
shower liner,Housing
toilet paper,Housing
tissues,Housing
paper towels,Housing
soap,Housing
shampoo,Housing
conditioner,Housing
body wash,Housing
toothpaste,Housing
toothbrush,Housing
mouthwash,Housing
floss,Housing
razor,Housing
shaving cream,Housing
lotion,Housing
hand soap,Housing
hand sanitizer,Housing
disinfectant wipes,Housing
disinfectant spray,Housing
air freshener,Housing
candles,Housing
matches,Housing
lighters,Housing
paint,Housing
paintbrushes,Housing
rollers,Housing
caulk,Housing
sealant,Housing
glue,Housing
nails,Housing
screws,Housing
hammer,Housing
screwdriver,Housing
wrench,Housing
pliers,Housing
tape measure,Housing
level,Housing
ladder,Housing
tool chest,Housing
workbench,Housing
safety goggles,Housing
gloves,Housing
smoke alarm batteries,Housing
air filters,Housing
water filter,Housing
water softener,Housing
shower curtain,Housing
shower liner,Housing
toilet paper,Housing
tissues,Housing
paper towels,Housing
soap,Housing
shampoo,Housing
conditioner,Housing
body wash,Housing
toothpaste,Housing
toothbrush,Housing
mouthwash,Housing
floss,Housing
razor,Housing
shaving cream,Housing
lotion,Housing
hand soap,Housing
hand sanitizer,Housing
disinfectant wipes,Housing
disinfectant spray,Housing
air freshener,Housing
candles,Housing
matches,Housing
lighters,Housing
paint,Housing
paintbrushes,Housing
rollers,Housing
caulk,Housing
sealant,Housing
glue,Housing
nails,Housing
screws,Housing
hammer,Housing
screwdriver,Housing
wrench,Housing
pliers,Housing
tape measure,Housing
level,Housing
ladder,Housing
tool chest,Housing
workbench,Housing
safety goggles,Housing
gloves,Housing
smoke alarm batteries,Housing
air filters,Housing
water filter,Housing
water softener,Housing
shower curtain,Housing
shower liner,Housing
toilet paper,Housing
tissues,Housing
paper towels,Housing
soap,Housing
shampoo,Housing
conditioner,Housing
body wash,Housing
toothpaste,Housing
toothbrush,Housing
mouthwash,Housing
floss,Housing
razor,Housing
shaving cream,Housing
lotion,Housing
hand soap,Housing
hand sanitizer,Housing
disinfectant wipes,Housing
disinfectant spray,Housing
air freshener,Housing
candles,Housing
matches,Housing
lighters,Housing
paint,Housing
paintbrushes,Housing
rollers,Housing
caulk,Housing
sealant,Housing
glue,Housing
nails,Housing
screws,Housing
hammer,Housing
screwdriver,Housing
wrench,Housing
pliers,Housing
tape measure,Housing
level,Housing
ladder,Housing
tool chest,Housing
workbench,Housing
safety goggles,Housing
gloves,Housing
smoke alarm batteries,Housing
air filters,Housing
water filter,Housing
water softener,Housing
shower curtain,Housing
shower liner,Housing
toilet paper,Housing
tissues,Housing
paper towels,Housing
soap,Housing
shampoo,Housing
conditioner,Housing
body wash,Housing
toothpaste,Housing
toothbrush,Housing
mouthwash,Housing
floss,Housing
razor,Housing
shaving cream,Housing
lotion,Housing
hand soap,Housing
hand sanitizer,Housing
disinfectant wipes,Housing
disinfectant spray,Housing
air freshener,Housing
candles,Housing
matches,Housing
lighters,Housing
paint,Housing
paintbrushes,Housing
rollers,Housing
caulk,Housing
sealant,Housing
glue,Housing
nails,Housing
screws,Housing
hammer,Housing
screwdriver,Housing
wrench,Housing
pliers,Housing
tape measure,Housing
level,Housing
ladder,Housing
tool chest,Housing
workbench,Housing
safety goggles,Housing
gloves,Housing
Kelloggs,Food
Nestle,Food
Kraft,Food
Coca-Cola,Food
Pepsi,Food
General Mills,Food
Campbells,Food
Heinz,Food
Hersheys,Food
Mars,Food
Unilever,Food
ConAgra Brands,Food
Danone,Food
Tyson Foods,Food
Hormel Foods,Food
J.M. Smucker Company,Food
McCormick & Company,Food
Quaker Oats,Food
Frito-Lay,Food
Nabisco,Food
Chobani,Food
Dole,Food
Del Monte,Food
Ocean Spray,Food
Bimbo Bakeries,Food
Post Holdings,Food
Tropicana,Food
Kelloggs,Food
Breyers,Food
Haagen-Dazs,Food
Ben & Jerrys,Food
Dr. Oetker,Food
Barilla,Food
Sara Lee,Food
Pepperidge Farm,Food
Lindt,Food
Godiva,Food
Ghirardelli,Food
Green Giant,Food
La Costena,Food
Kikkoman,Food
Tabasco,Food
Bertolli,Food
Stonyfield Farm,Food
Horizon Organic,Food
Blue Diamond,Food
Tillamook,Food
McCormick,Food
Chiquita,Food
Cargill,Food
ice cream,Food
Smirnoff,Food
Jack Daniels,Food
Bacardi,Food
Jim Beam,Food
Johnnie Walker,Food
Jameson,Food
Hennessy,Food
Patron,Food
Jose Cuervo,Food
Heineken,Food
Budweiser,Food
Guinness,Food
Corona,Food
Stella Artois,Food
Beefeater,Food
Tanqueray,Food
Baileys,Food
Fireball,Food
Malibu,Food
Captain Morgan,Food
Bombay Sapphire,Food
Absolut,Food
Veuve Clicquot,Food
Moet & Chandon,Food
Dom Perignon,Food
Chivas Regal,Food
Grey Goose,Food
Kahlua,Food
Jagermeister,Food
Southern Comfort,Food
Grand Marnier,Food
Louis Vuitton,Miscellaneous
Chanel,Miscellaneous
Hermes,Miscellaneous
Gucci,Miscellaneous
Prada,Miscellaneous
Dior,Miscellaneous
Burberry,Miscellaneous
Rolex,Miscellaneous
Cartier,Miscellaneous
Tiffany & Co.,Miscellaneous
Versace,Miscellaneous
Fendi,Miscellaneous
Bulgari,Miscellaneous
Yves Saint Laurent,Miscellaneous
Balenciaga,Miscellaneous
Bottega Veneta,Miscellaneous
Givenchy,Miscellaneous
Louboutin,Miscellaneous
Valentino,Miscellaneous
Armani,Miscellaneous
Ralph Lauren,Miscellaneous
Calvin Klein,Miscellaneous
Michael Kors,Miscellaneous
Versace,Miscellaneous
Jimmy Choo,Miscellaneous
Salvatore Ferragamo,Miscellaneous
Alexander McQueen,Miscellaneous
Balmain,Miscellaneous
Marc Jacobs,Miscellaneous
Coach,Miscellaneous
Longchamp,Miscellaneous
Tory Burch,Miscellaneous
Christian Louboutin,Miscellaneous
Stella McCartney,Miscellaneous
Missoni,Miscellaneous
Van Cleef & Arpels,Miscellaneous
Chopard,Miscellaneous
Hublot,Miscellaneous
Patek Philippe,Miscellaneous
Breguet,Miscellaneous
Audemars Piguet,Miscellaneous
Graff,Miscellaneous
Dolce & Gabbana,Miscellaneous
Prada,Miscellaneous
Moschino,Miscellaneous
Lanvin,Miscellaneous
Zegna,Miscellaneous
Ferragamo,Miscellaneous
Saint Laurent,Miscellaneous
Carolina Herrera,Miscellaneous
Bottega Veneta,Miscellaneous
Nike,Miscellaneous
Adidas,Miscellaneous
Puma,Miscellaneous
Converse,Miscellaneous
New Balance,Miscellaneous
Reebok,Miscellaneous
Vans,Miscellaneous
Timberland,Miscellaneous
Dr Martens,Miscellaneous
UGG,Miscellaneous
Clarks,Miscellaneous
Salomon,Miscellaneous
Asics,Miscellaneous
Skechers,Miscellaneous
Birkenstock,Miscellaneous
Brooks,Miscellaneous
Fila,Miscellaneous
Under Armour,Miscellaneous
Crocs,Miscellaneous
K-Swiss,Miscellaneous
Mizuno,Miscellaneous
Hoka One One,Miscellaneous
Ecco,Miscellaneous
Merrell,Miscellaneous
Steve Madden,Miscellaneous
T-shirt,Miscellaneous
Jeans,Miscellaneous
Sneakers,Miscellaneous
Skirt,Miscellaneous
Dress,Miscellaneous
Blouse,Miscellaneous
Blazer,Miscellaneous
Shorts,Miscellaneous
Sweater,Miscellaneous
Hoodie,Miscellaneous
Jacket,Miscellaneous
Coat,Miscellaneous
Suit,Miscellaneous
Leggings,Miscellaneous
Tank top,Miscellaneous
Cardigan,Miscellaneous
Jumpsuit,Miscellaneous
Swimsuit,Miscellaneous
Tracksuit,Miscellaneous
Vest,Miscellaneous
Long-sleeve shirt,Miscellaneous
Button-down shirt,Miscellaneous
Capri pants,Miscellaneous
Cargo pants,Miscellaneous
Chinos,Miscellaneous
Culottes,Miscellaneous
Flare jeans,Miscellaneous
Pencil skirt,Miscellaneous
Maxi dress,Miscellaneous
Mini skirt,Miscellaneous
A-line dress,Miscellaneous
Peplum top,Miscellaneous
Bodysuit,Miscellaneous
Camisole,Miscellaneous
Overalls,Miscellaneous
Parka,Miscellaneous
Poncho,Miscellaneous
Raincoat,Miscellaneous
Bomber jacket,Miscellaneous
Leather jacket,Miscellaneous
Faux fur coat,Miscellaneous
Trench coat,Miscellaneous
Anorak,Miscellaneous
Down jacket,Miscellaneous
Blouse,Miscellaneous
Sheath dress,Miscellaneous
Wrap dress,Miscellaneous
Shift dress,Miscellaneous
Maxi skirt,Miscellaneous
Denim jacket,Miscellaneous
Peacoat,Miscellaneous
Puffer jacket,Miscellaneous
Windbreaker,Miscellaneous
Cargo shorts,Miscellaneous
Board shorts,Miscellaneous
Denim shorts,Miscellaneous
Khakis,Miscellaneous
Track pants,Miscellaneous
Sweatpants,Miscellaneous
Cropped pants,Miscellaneous
Cropped top,Miscellaneous
Off-shoulder top,Miscellaneous
Strapless dress,Miscellaneous
Turtleneck,Miscellaneous
Cowl-neck sweater,Miscellaneous
Crewneck sweater,Miscellaneous
V-neck sweater,Miscellaneous
Mock-neck sweater,Miscellaneous
Cape,Miscellaneous
Shawl,Miscellaneous
Bow tie,Miscellaneous
Necktie,Miscellaneous
Scarf,Miscellaneous
Belt,Miscellaneous
Suspenders,Miscellaneous
Beanie,Miscellaneous
Beret,Miscellaneous
Baseball cap,Miscellaneous
Trucker hat,Miscellaneous
Fedora,Miscellaneous
Top hat,Miscellaneous
Bucket hat,Miscellaneous
Newsboy cap,Miscellaneous
Sun hat,Miscellaneous
Gloves,Miscellaneous
Mittens,Miscellaneous
Arm warmers,Miscellaneous
Leg warmers,Miscellaneous
Headband,Miscellaneous
Bandana,Miscellaneous
Earmuffs,Miscellaneous
Socks,Miscellaneous
Tights,Miscellaneous
Stockings,Miscellaneous
Knee-high socks,Miscellaneous
Ankle socks,Miscellaneous
Thigh-high socks,Miscellaneous
Sneakers,Miscellaneous
Running shoes,Miscellaneous
High heels,Miscellaneous
Flats,Miscellaneous
Loafers,Miscellaneous
Oxfords,Miscellaneous
Brogues,Miscellaneous
Boots,Miscellaneous
Ankle boots,Miscellaneous
Knee-high boots,Miscellaneous
Thigh-high boots,Miscellaneous
Combat boots,Miscellaneous
Chelsea boots,Miscellaneous
Wellington boots,Miscellaneous
Sandals,Miscellaneous
Flip-flops,Miscellaneous
Slides,Miscellaneous
Platform shoes,Miscellaneous
Espadrilles,Miscellaneous
Slippers,Miscellaneous
Notebook,School Supplies
Pencil,School Supplies
Pen,School Supplies
Eraser,School Supplies
Ruler,School Supplies
Calculator,School Supplies
Backpack,School Supplies
Lunchbox,School Supplies
Highlighter,School Supplies
Marker,School Supplies
Crayons,School Supplies
Colored pencils,School Supplies
Glue stick,School Supplies
Scissors,School Supplies
Binder,School Supplies
Binder clips,School Supplies
Stapler,School Supplies
Staples,School Supplies
Notebook paper,School Supplies
Graph paper,School Supplies
Index cards,School Supplies
Post-it notes,School Supplies
Whiteboard,School Supplies
Whiteboard markers,School Supplies
Whiteboard eraser,School Supplies
Folder,School Supplies
Dividers,School Supplies
Composition book,School Supplies
Spiral notebook,School Supplies
Pencil case,School Supplies
Sharpener,School Supplies
Clipboard,School Supplies
Push pins,School Supplies
Thumbtacks,School Supplies
Calendar,School Supplies
Planner,School Supplies
Desk organizer,School Supplies
Protractor,School Supplies
Compass,School Supplies
Dictionary,School Supplies
Thesaurus,School Supplies
Textbook,School Supplies
Workbook,School Supplies
Dictionary,School Supplies
Map,School Supplies
World map,School Supplies
Atlas,School Supplies
Book cover,School Supplies
Glue,School Supplies
Paper clips,School Supplies
Laptop,Technology
Desktop,Technology
Monitor,Technology
Keyboard,Technology
Mouse,Technology
Printer,Technology
Scanner,Technology
Router,Technology
Modem,Technology
External hard drive,Technology
USB flash drive,Technology
SD card,Technology
Headphones,Technology
Speakers,Technology
Webcam,Technology
Microphone,Technology
Smartphone,Technology
Tablet,Technology
Charger,Technology
Cables,Technology
Adapters,Technology
Battery,Technology
Software,Technology
Operating system,Technology
Graphics card,Technology
CPU,Technology
RAM,Technology
SSD,Technology
External SSD,Technology
Backup drive,Technology
Cloud storage,Technology
VPN subscription,Technology
Internet service,Technology
Mobile data plan,Technology
Wireless mouse,Technology
Wireless keyboard,Technology
Bluetooth headset,Technology
Power bank,Technology
Wireless charger,Technology
Screen protector,Technology
Phone case,Technology
Laptop bag,Technology
External monitor,Technology
Graphics tablet,Technology
Stylus,Technology
Game console,Technology
VR headset,Technology
Wearable tech,Technology
Smartwatch,Technology
Activity tracker,Technology
Car,Transportation
Insurance,Transportation
Fuel,Transportation
Oil change,Transportation
Tire replacement,Transportation
Battery replacement,Transportation
Brake service,Transportation
Car wash,Transportation
Car wax,Transportation
Registration fee,Transportation
Licensing fee,Transportation
Parking fees,Transportation
Toll fees,Transportation
Public transportation ticket,Transportation
Subway pass,Transportation
Bus pass,Transportation
Train ticket,Transportation
Plane ticket,Transportation
Bike,Transportation
Bike lock,Transportation
Bike helmet,Transportation
Bike lights,Transportation
Bus pass,Transportation
Train pass,Transportation
Car rental,Transportation
Car lease,Transportation
Electric scooter,Transportation
Electric skateboard,Transportation
Motorcycle,Transportation
Helmet,Transportation
Motorcycle insurance,Transportation
Public transportation card,Transportation
Rideshare service (Uber/Lyft),Transportation
Taxi fare,Transportation
Parking permit,Transportation
Car maintenance,Transportation
Car repair,Transportation
Transmission service,Transportation
Airport shuttle,Transportation
Bicycle repair,Transportation
Bicycle maintenance,Transportation
Bicycle accessories,Transportation
Train pass,Transportation
Car wash membership,Transportation
Car detailing,Transportation
Electric vehicle charging station,Transportation
Electric vehicle charging adapter,Transportation
Public transportation app subscription,Transportation
Map/GPS device,Transportation
Gas,Transportation
Car,Transportation
Truck,Transportation
SUV,Transportation
Convertible,Transportation
Coupe,Transportation
Sedan,Transportation
Hatchback,Transportation
Minivan,Transportation
Electric car,Transportation
Hybrid car,Transportation
Compact car,Transportation
Midsize car,Transportation
Full-size car,Transportation
Luxury car,Transportation
Exotic car,Transportation
Off-road vehicle,Transportation
Classic car,Transportation
Sports car,Transportation
Station wagon,Transportation
Caravan,Transportation
Insurance,Transportation
Fuel,Transportation
Oil change,Transportation
Tire replacement,Transportation
Battery replacement,Transportation
Brake service,Transportation
Car wash,Transportation
Car wax,Transportation
Registration fee,Transportation
Licensing fee,Transportation
Parking fees,Transportation
Toll fees,Transportation
Public transportation ticket,Transportation
Subway pass,Transportation
Bus pass,Transportation
Train ticket,Transportation
Plane ticket,Transportation
Bike,Transportation
Bike lock,Transportation
Bike helmet,Transportation
Bike lights,Transportation
Bus pass,Transportation
Train pass,Transportation
Car rental,Transportation
Car lease,Transportation
Electric scooter,Transportation
Electric skateboard,Transportation
Motorcycle,Transportation
Helmet,Transportation
Motorcycle insurance,Transportation
Public transportation card,Transportation
Rideshare service (Uber/Lyft),Transportation
Taxi fare,Transportation
Parking permit,Transportation
Car maintenance,Transportation
Car repair,Transportation
Transmission service,Transportation
Airport shuttle,Transportation
Bicycle repair,Transportation
Bicycle maintenance,Transportation
Bicycle accessories,Transportation
Train pass,Transportation
Car wash membership,Transportation
Car detailing,Transportation
Electric vehicle charging station,Transportation
Electric vehicle charging adapter,Transportation
Public transportation app subscription,Transportation
Map/GPS device,Transportation
Car purchase,Transportation
Truck purchase,Transportation
SUV purchase,Transportation
Convertible purchase,Transportation
Coupe purchase,Transportation
Sedan purchase,Transportation
Hatchback purchase,Transportation
Minivan purchase,Transportation
Electric car purchase,Transportation
Hybrid car purchase,Transportation
Compact car purchase,Transportation
Midsize car purchase,Transportation
Full-size car purchase,Transportation
Luxury car purchase,Transportation
Exotic car purchase,Transportation
Off-road vehicle purchase,Transportation
Classic car purchase,Transportation
Sports car purchase,Transportation
Station wagon purchase,Transportation
Caravan purchase,Transportation
trucks,Transportation
20th Century Studios,Entertainment
Universal Pictures,Entertainment
Lionsgate Films,Entertainment
MGM Studios,Entertainment
DreamWorks Animation,Entertainment
Columbia Pictures,Entertainment
Legendary Entertainment,Entertainment
Focus Features,Entertainment
A24 Films,Entertainment
Amazon Studios,Entertainment
Apple TV+,Entertainment
Hulu,Entertainment
HBO,Entertainment
ViacomCBS,Entertainment
and BBC Studios,Entertainment
AMC,Entertainment
Movie Theatre,Entertainment
music,Entertainment
Universal Music Group,Entertainment
Sony Music Entertainment,Entertainment
Warner Music Group,Entertainment
EMI Group,Entertainment
BMG Rights Management,Entertainment
Capitol Music Group,Entertainment
Atlantic Records,Entertainment
RCA Records,Entertainment
Republic Records,Entertainment
Island Records,Entertainment
Def Jam Recordings,Entertainment
Interscope Records,Entertainment
Virgin Records,Entertainment
Columbia Records,Entertainment
Jive Records,Entertainment
Spotify,Entertainment
Apple Music,Entertainment
Amazon Music,Entertainment
Pandora,Entertainment
YouTube Music,Entertainment
Tidal,Entertainment
Deezer,Entertainment
SoundCloud,Entertainment
Bandcamp,Entertainment
Google Play Music,Entertainment
